cdr3aa,label,dataset
CSASYNEGTSGNEQFF,1,train
CASSLKRVGTDTQYF,0,train
CASSLLTGGGEQYF,1,train
CASSPGTSGIEQYF,0,train
CASSQVQRSIEQYF,0,train
CASSATGVDETQYF,1,train
CASSSGGDTGELFF,0,train
CASRSHTDSGNTIYF,1,train
CASSFQSGTTDTQYF,0,train
CASSQTTGALGNTIYF,1,train
CASSLGRGASGVGEQFF,0,train
CASSLSGQGQETQYF,0,train
CASSQIRDSNEKLFF,1,train
CASSGRRWTGDNEQYF,0,train
CASSLGQGGRTDTQYF,0,train
CSARGSGTANNEQFF,0,train
CASSPGQGRSGYTF,0,train
CASSHRDRGNSPLHF,0,train
CASSPLRQGYGYTF,0,train
CASSSPGGYIQYF,1,train
CASSDPSGGAKNIQYF,1,train
CASSQESVSTYEQYF,1,train
CASSLAPGISGELFF,1,train
CASSLTGDYEKLFF,0,train
CASSQLTSRGIVNTGELFF,1,train
CASSPWTGVVGELFF,1,train
CASSDPRRLTGTGGYETQYF,1,train
CSASFPRQSYEQYF,1,train
CASSLGGTSGRGNEQFF,1,train
CASSLLQEYNEQFF,1,train
CASSRTSGGLSTDTQYF,1,train
CASSPTDSNEKLFF,0,train
CASSLAVGWGETQYF,1,train
CASSSGTSVHNEQFF,1,train
CASSLSLVGAKNIQYF,1,train
CSALRTSGSYEQYF,1,train
CASSPPGQPNYGYTF,0,train
CSASKRDHTDTQYF,1,train
CASSQPGYGHEQFF,0,train
CASSNRGSNYQPQHF,1,train
CASSQVTGKLFF,1,train
CASSSLASSYNEQFF,1,train
CASSFTSGRNTGELFF,0,train
CASSFSFGDSYEQYF,1,train
CSASIPRTVPDTQYF,1,train
CASSFRGQAVYEQYF,1,train
CASSSGTSGGTRNEQYF,0,train
CASSTSYGYTF,1,train
CASSGTSGPSSYEQYF,1,train
CASGVAYNEQFF,1,train
CASSVGTGKSRGYTF,0,train
CASSGTSGLSEQFF,1,train
CASSYLGDTGELFF,1,train
CASTRERGSDSPLHF,0,train
CASSLNFGGGGQFF,1,train
CASSLASGDGETQYF,1,train
CASSREGATTYEQYF,1,train
CASRGLLGEQFF,1,train
CASSLWAGFEQYF,0,train
CASSNPQGPEQYF,1,train
CASSRTQGYNEQFF,1,train
CASSLSGATQYF,0,train
CASSLGGASSKTGELFF,1,train
CASSLARGKGETQYF,0,train
CASSFQAGDRSYEQYF,1,train
CASSTPGTGREKLFF,0,train
CASSFFGGEQFF,1,train
CASGLGQSYEQYF,1,train
CASTFGTYQEQYF,1,train
CASSPVGRQAGSEAFF,0,train
CASSYKPRGDDSYEQYF,1,train
CASTRKIEPGDTQYF,1,train
CASSLVGSQPQHF,1,train
CASSLGWNYGYTF,1,train
CASSLVAGDDIQYF,0,train
CAWSVRAGPRTEAFF,0,train
CASSEPSRTDTQYF,0,train
CASSFRDYEQYF,0,train
CASSHSAGEKTQYF,0,train
CASSQFGLQSSYEQYF,1,train
CASSSPPGNEKLFF,0,train
CASSLAPRGRETQYF,0,train
CASRSLGEQYF,1,train
CASSLGRSGNGYTF,1,train
CASSLSSRGLSTDTQYF,1,train
CASGLDRVNEQFF,1,train
CSASGGGSNTDTQYF,1,train
CASSNRGQTPYEQYF,1,train
CASSAGTGSDTEAFF,0,train
CASSIGLGYGYTF,1,train
CASKGQGNIETNEKLFF,1,train
CASSSGMSGNTIYF,0,train
CASSPSPGGQETQYF,0,train
CASSLGFEGTGYSYEQYF,1,train
CASSETGGGQGRYF,1,train
CASSFLPGGPSGELFF,0,train
CASSPTLGGPSDTQYF,1,train
CSARVPYTGELFF,0,train
CASQGGAGNQPQHF,1,train
CASRIQGYNSPLHF,1,train
CASSLENTDTQYF,0,train
CAWSVQGGDGYTF,1,train
CASSPFSGTYNEQFF,1,train
CSASGDRAGGTPYEQYF,0,train
CASSPAGGRNGYTF,0,train
CASSWTSGVTDTQYF,0,train
CASSDTRISGYTF,0,train
CASSLGLWGYEQYF,1,train
CASSLLRGQGTGELFF,1,train
CASSPRGRTGELFF,0,train
CASSSTSGPFSSKNIQYF,0,train
CASTSTGKETQYF,1,train
CASTPLRDSYYEQYF,1,train
CASRQTGASEKLFF,1,train
CASSPSGIDTQYF,1,train
CASSQGLAGSTDTQYF,0,train
CASSTPRTSGTYTDTQYF,0,train
CASSEPSPLHF,1,train
CASSFRGVTSYEQYF,1,train
CASSRKHGYTF,1,train
CASSEAYRTTSGNTIYF,0,train
CASSESSEPYNEQFF,1,train
CASSTLQGHGYTF,1,train
CASSPSYRGVGDTQYF,0,train
CASSERGVYQPQHF,1,train
CASSSRTSSGNTIYF,1,train
CASSQDAHTDTQYF,1,train
CATSRALQGGLYEQYF,1,train
CASSYGWDGRNEQFF,1,train
CASSLDRGLGNTIYF,0,train
CASLSGSSYEQYF,0,train
CASSVGASLSGNTIYF,0,train
CASSGRESGELFF,0,train
CAISESGLVYNEQFF,1,train
CASSFSSASGSPDTQYF,1,train
CASQDYRLNTDTQYF,0,train
CASSLSGTSGLTYNEQFF,0,train
CASRETSYLRDNEQFF,1,train
CASTDRGLNTGELFF,1,train
CASSPTLGIGETQYF,1,train
CASKGGLSTDTQYF,1,train
CASSLTTPDSGNTIYF,0,train
CASSYSGTGTDMQYF,1,train
CASTLIGGELFF,0,train
CASSYPGTSKTGELFF,0,train
CASSSTGTEETQYF,1,train
CASSYSPGELFF,1,train
CSARDRRTSGSYEQYF,0,train
CASLWREEDAYNEQFF,1,train
CASSGSLGGGYTF,0,train
CASSPPRASGSYEQYF,1,train
CASSLEVAGDTQYF,0,train
CASGDRGTANQPQHF,1,train
CSARYTDYEQYF,0,train
CASSEGGTSGYEQYF,1,train
CASSQSGRATNEKLFF,1,train
CASSQDLGTQNEKLFF,1,train
CASSYRRGTDNEQFF,1,train
CASSYKAFKRPSTDTQYF,1,train
CASSLAGGGLSYEQYF,0,train
CASSLVRGNYGYTF,1,train
CASSLSAGGREQFF,0,train
CASSQEGPRALNRYEQYF,1,train
CASSRLATDTQYF,1,train
CASSLAASGEETQYF,1,train
CASSLARGGEKLFF,0,train
CASTPGRDTQYF,0,train
CASSFTSSRSSGNTIYF,0,train
CASSRQGAGTGELFF,0,train
CASSGDRGNQPQHF,1,train
CASSFSIQAADQGIQYF,1,train
CASRIGTSGRGQQYF,1,train
CASSPSAGVRSNYGYTF,0,train
CASSHEGLSGNEQFF,0,train
CASSSIGQGVYEQYF,1,train
CASSRVGGPQHF,1,train
CASSQDRVSYGYTF,1,train
CASSITRADTQYF,1,train
CASSLALGRRSNQPQHF,1,train
CASSTPAETQYF,1,train
CASSLIRGTGELFF,0,train
CASSTGWGTENTIYF,0,train
CASSRYTSGQETQYF,1,train
CASSLVSYGYTF,1,train
CASSLDPLIGGELFF,0,train
CAWSEGQVSTDTQYF,1,train
CASSPKAGQTYEQYF,0,train
CASSFDLGQYF,1,train
CASSLDPTGNTIYF,0,train
CASQRSSNTGELFF,0,train
CASSLVSQGSNQPQHF,0,train
CASRRGIGQPQHF,1,train
CASSPGSGNTDTQYF,0,train
CASSFNRRDNSPLHF,1,train
CASSPLGGRTDTQYF,1,train
CASSTGLGSDYETQYF,1,train
CASRGTSGGAKTQYF,1,train
CASSSNGLAGEITDTQYF,0,train
CASRTLDRGTYNEQFF,1,train
CASSYRPPGLASYNEQFF,1,train
CASRDSLEGYTF,1,valid
CASTTTVQSATGLVYNEQFF,1,valid
CASSLFAVGAGQNTEAFF,0,valid
CASSLVDGGATDTQYF,0,valid
CASSVGVVGRLGHEQYF,0,valid
CASSRQSNTGELFF,1,valid
CASSLTSGRGDQPQHF,0,valid
CASSLQGHYNEQFF,1,valid
CASSFEGQGVYEQYF,1,valid
CASSWLNYGYTF,1,valid
CASSTGLVSYEQYF,0,valid
CASNQGVDTQYF,1,valid
CASSGGGTPYEQYF,1,valid
CASSQDNSDSIGLQETQYF,0,valid
CASSQLRSLASYNEQFF,1,valid
CASSTGETTDTQYF,0,valid
CASSVGLGSGIQETQYF,1,valid
CASSPTGLTSTDTQYF,1,valid
CASSLLGGLAETQYF,1,valid
CASSIPGDSYNEQFF,1,valid
CASSSSGQQYNEQFF,1,valid
CASSIRVSHEQYF,1,valid
CASSLGLAGLSWETQYF,0,valid
CASSRLPGGEQYF,1,valid
CASSYTSGGYEQYF,0,valid
CASSFEFGGYTF,0,valid
CASSTGGSTQYEQFF,1,valid
CASGTSYNEQFF,0,valid
CASRFPGGQETQYF,1,valid
CASFVGGPNTGELFF,1,valid
CASSTRGPAYEQYF,1,valid
CASSLYGPDTQYF,1,valid
CASSQVWSYGYTF,0,valid
CASGSNGDPSYNEQFF,1,valid
CASSLGAGSYGYTF,0,valid
CASSGTGNYGYTF,0,valid
CASSYSQRGTGELFF,1,valid
CASSLWGQFNEQFF,1,valid
CASSLGFMSIELYEQYF,0,valid
CASSLEWGSGEKLFF,0,valid
CASSPSGGSDSPLHF,1,valid
CASSLTGTGGRGQPQHF,1,valid
CASSLEVQPQHF,0,valid
CASSLGGVADTQYF,0,valid
CASSLDGALTDTQYF,1,valid
CASIPDRHSNYGYTF,1,valid
CASSRPGLGYEQYF,1,valid
CSAIDPGARHQPQHF,0,valid
CASSLGTSGSNPYNEQFF,1,valid
CASSLTSGETDTQYF,1,valid
CASSLDQGGSGTHRYNEQFF,0,valid
CASGLEQGPYGYTF,1,valid
CASSLGESGGRGQFF,1,valid
CASSPIGVSGAYTDTQYF,1,valid
CASSPGTARGYTF,0,valid
CASSPAYRGNEQFF,1,valid
CASSAGAVDTQYF,1,valid
CASSLPGRLNSPLHF,1,valid
CASSALSGTGSNEQFF,1,valid
CASSQERASGEQFF,1,valid
CSARMRGTDTQYF,0,valid
CASSRGRRVSEQYF,0,valid
CASSTRGDSNEKLFF,1,valid
CASNPLDRGGDTQYF,1,valid
CASSRDGDDYGYTF,1,valid
CASRGTGTGYGYTF,1,valid
CASSGHGGKETQYF,0,valid
CASSQEPGVGPQHF,0,valid
CASSLYREQYF,0,valid
CASSGQSSGNTIYF,1,valid
CASSLNGLATDTQYF,0,valid
CASSLVHSGYHTF,0,valid
CASSVQPGGSGELFF,1,valid
CASSYALGITDTQYF,1,valid
CASSRTSGRRDTQYF,1,valid
CASSLDLPGTGELFF,0,valid
CASSQTGSSSPLHF,0,valid
CASRPSGGADEQFF,1,valid
CASSQVPYNEQFF,1,valid
CASSLGNEKLFF,1,valid
CASSLERGLYGYTF,1,valid
CASSPPLEEPNYGYTF,0,valid
CASSPGTMSTDTQYF,1,valid
CASSQLGNTIYF,1,valid
CASSRTIGLAGRTDTQYF,0,valid
CASSEYLGGGGETQYF,1,valid
CASSPRTGREQYF,0,valid
CAISVDGGSTDTQYF,1,valid
CASKAYLSGGYTF,0,valid
CASSLGGQGSSPLHF,1,valid
CASSADRGGSPLHF,1,valid
CASSLVVSQETQYF,0,valid
CASSYEGTGSGNTIYF,1,valid
CASSLYWGSENIQYF,0,valid
CSASRSGVAQYF,0,valid
CASSISLGGGNQPQHF,0,valid
CASSSRGPNSPLHF,1,valid
CASSPGGAGELFF,0,valid
CASNWGITGPRGTGELFF,1,valid
CASTLLGRGLEAFF,1,valid
CASSLKGFTDTQYF,1,valid
CASSPSSFLTDTQYF,0,valid
CASSPQGAGKTQYF,0,valid
CASRLRLAGTYEQYF,0,valid
CASSPTSGQVSNEQFF,1,valid
CAWGQGVLEASGDEQFF,1,valid
CASSLPGAKNEQYF,1,valid
CASRATNEQFF,1,valid
CASSADLGDTQYF,1,valid
CASSRRAGSSGNTIYF,0,valid
CASKGSTDTQYF,1,valid
CATGASEYEQYF,1,valid
CASSVTYSYEQYF,0,valid
CASSLGGQTFSYEQYF,1,valid
CASSPIPETQYF,0,valid
CASKGTTTEQYF,0,valid
CASSESMGKETQYF,0,valid
CASGQGPSNQPQHF,1,valid
CSASWLAEGGAETQYF,1,valid
CASSLLHRTGELFF,1,valid
CASSRAVQPQHF,1,valid
CASSRADGDLTDTQYF,1,valid
CASSTVGGRETQYF,0,valid
CASSLATGGTGELFF,0,valid
CASSYYGERDGYTF,1,valid
CASSPSGYNEQFF,0,valid
CASSGERVDWEGYTF,0,valid
CSASSSGDSTDTQYF,1,valid
CASSLEQGAVYGYTF,0,valid
CASSFLSSGGRTDTQYF,0,valid
CASSRTGTGYTF,1,valid
CASSYFQGDTQYF,0,valid
CASSSLGSSGNTIYF,0,valid
CASSLEGQPTGYTF,1,valid
CASNQVQETQYF,0,valid
CASSSPGTRGRETQYF,1,valid
CASSESAGNNEQFF,0,valid
CASSPGLVPGEQYF,0,valid
CASSLGFINTGELFF,1,valid
CASSPPLWRERSNEQFF,1,valid
CASSPTSGRASYNEQFF,1,valid
CASSLVGRSTDTQYF,0,valid
CASSPDRTGGGYTF,1,valid
CASSQDEGFSRDNSYEQYF,1,valid
CSVLDRSGNTIYF,0,valid
CASSFNGQPQHF,1,valid
CASSSTSMNEQFF,1,valid
CASRDTGTFEEQYF,1,valid
CASSSKTSGGNEQFF,0,valid
CASSFDRGGEQYF,1,valid
CASGSLGGDTDTQYF,1,valid
CASSVLGNTDTQYF,0,valid
CASSPPGQSGNQPQHF,0,valid
CASSRLAGGPDTQYF,0,valid
CASTPLGGETQYF,1,valid
CASSVSGQWSGELFF,1,valid
CSASSPTGAKETQYF,1,valid
CASSSSVGGLSYEQYF,1,valid
CASSHSGRGNSPLHF,0,valid
CSASVRYSYNEQFF,1,valid
CASRPQPDNEQFF,1,valid
CASRPEGNGNQPQHF,0,valid
CASSSRQGRTYNEQFF,1,valid
CASSLEVPGQFF,0,valid
CASSEGTSGAYEQYF,0,valid
CASSFRGQSYGYTF,1,valid
CASSQQRIDGYTF,1,valid
CASSGDSGRTNEQYF,1,valid
CASSSLGGNQPQHF,0,valid
CASSQFGVGNEQYF,0,valid
CASSPTGGSGNTIYF,0,valid
CASSLLTGGNEQFF,1,valid
CSASKNAATYNEQFF,1,valid
CASSLIPGGSTDTQYF,1,valid
CASSFSVTGQAYEQYF,1,valid
CASSEQGGPTGELFF,1,valid
CASSSLGTVSTDTQYF,0,valid
CASSSISGTGKLFF,0,valid
CASSSVAGAPLEQYF,0,valid
CASSLVGQPDGYTF,1,valid
CASSGTVPPDTQYF,0,valid
CASSQGGMGYTF,1,valid
CASSQSGGVTDTQYF,1,valid
CASSAPGAQGRDNEQFF,1,valid
CASSEGSGDYNEQFF,1,valid
CASSDTDPAKNIQYF,1,valid
CASSPGQNFYNEQFF,0,valid
CASRREQGASPLHF,1,valid
CAWSGSGGEVEQFF,1,valid
CSARDSHYNQPQHF,0,valid
CASSQGSHGTIAYEQYF,0,valid
CSVEFINRGHTDTQYF,1,valid
CASGLVYNEQYF,1,valid
CASSSTGEESGYTF,1,valid
CASSQRQMGEGYTF,1,valid
CASSYQGLGTGELFF,1,valid
CASSSRGRADTGELFF,1,valid
CASSPGQLGNQPQHF,0,valid
CASALWDRGSPLHF,1,valid
CASSSGPWASGRPRLYEQYF,1,valid
